--
-- PostgreSQL database dump
--

-- Dumped from database version 17.5
-- Dumped by pg_dump version 17.5

-- Started on 2025-07-06 11:15:24

SET statement_timeout = 0;
SET lock_timeout = 0;
SET idle_in_transaction_session_timeout = 0;
SET transaction_timeout = 0;
SET client_encoding = 'UTF8';
SET standard_conforming_strings = on;
SELECT pg_catalog.set_config('search_path', '', false);
SET check_function_bodies = false;
SET xmloption = content;
SET client_min_messages = warning;
SET row_security = off;

SET default_tablespace = '';

SET default_table_access_method = heap;

--
-- TOC entry 224 (class 1259 OID 19418)
-- Name: auth_group; Type: TABLE; Schema: public; Owner: postgres
--

CREATE TABLE public.auth_group (
    id integer NOT NULL,
    name character varying(150) NOT NULL
);


ALTER TABLE public.auth_group OWNER TO postgres;

--
-- TOC entry 223 (class 1259 OID 19417)
-- Name: auth_group_id_seq; Type: SEQUENCE; Schema: public; Owner: postgres
--

ALTER TABLE public.auth_group ALTER COLUMN id ADD GENERATED BY DEFAULT AS IDENTITY (
    SEQUENCE NAME public.auth_group_id_seq
    START WITH 1
    INCREMENT BY 1
    NO MINVALUE
    NO MAXVALUE
    CACHE 1
);


--
-- TOC entry 226 (class 1259 OID 19426)
-- Name: auth_group_permissions; Type: TABLE; Schema: public; Owner: postgres
--

CREATE TABLE public.auth_group_permissions (
    id bigint NOT NULL,
    group_id integer NOT NULL,
    permission_id integer NOT NULL
);


ALTER TABLE public.auth_group_permissions OWNER TO postgres;

--
-- TOC entry 225 (class 1259 OID 19425)
-- Name: auth_group_permissions_id_seq; Type: SEQUENCE; Schema: public; Owner: postgres
--

ALTER TABLE public.auth_group_permissions ALTER COLUMN id ADD GENERATED BY DEFAULT AS IDENTITY (
    SEQUENCE NAME public.auth_group_permissions_id_seq
    START WITH 1
    INCREMENT BY 1
    NO MINVALUE
    NO MAXVALUE
    CACHE 1
);


--
-- TOC entry 222 (class 1259 OID 19412)
-- Name: auth_permission; Type: TABLE; Schema: public; Owner: postgres
--

CREATE TABLE public.auth_permission (
    id integer NOT NULL,
    name character varying(255) NOT NULL,
    content_type_id integer NOT NULL,
    codename character varying(100) NOT NULL
);


ALTER TABLE public.auth_permission OWNER TO postgres;

--
-- TOC entry 221 (class 1259 OID 19411)
-- Name: auth_permission_id_seq; Type: SEQUENCE; Schema: public; Owner: postgres
--

ALTER TABLE public.auth_permission ALTER COLUMN id ADD GENERATED BY DEFAULT AS IDENTITY (
    SEQUENCE NAME public.auth_permission_id_seq
    START WITH 1
    INCREMENT BY 1
    NO MINVALUE
    NO MAXVALUE
    CACHE 1
);


--
-- TOC entry 228 (class 1259 OID 19432)
-- Name: auth_user; Type: TABLE; Schema: public; Owner: postgres
--

CREATE TABLE public.auth_user (
    id integer NOT NULL,
    password character varying(128) NOT NULL,
    last_login timestamp with time zone,
    is_superuser boolean NOT NULL,
    username character varying(150) NOT NULL,
    first_name character varying(150) NOT NULL,
    last_name character varying(150) NOT NULL,
    email character varying(254) NOT NULL,
    is_staff boolean NOT NULL,
    is_active boolean NOT NULL,
    date_joined timestamp with time zone NOT NULL
);


ALTER TABLE public.auth_user OWNER TO postgres;

--
-- TOC entry 230 (class 1259 OID 19440)
-- Name: auth_user_groups; Type: TABLE; Schema: public; Owner: postgres
--

CREATE TABLE public.auth_user_groups (
    id bigint NOT NULL,
    user_id integer NOT NULL,
    group_id integer NOT NULL
);


ALTER TABLE public.auth_user_groups OWNER TO postgres;

--
-- TOC entry 229 (class 1259 OID 19439)
-- Name: auth_user_groups_id_seq; Type: SEQUENCE; Schema: public; Owner: postgres
--

ALTER TABLE public.auth_user_groups ALTER COLUMN id ADD GENERATED BY DEFAULT AS IDENTITY (
    SEQUENCE NAME public.auth_user_groups_id_seq
    START WITH 1
    INCREMENT BY 1
    NO MINVALUE
    NO MAXVALUE
    CACHE 1
);


--
-- TOC entry 227 (class 1259 OID 19431)
-- Name: auth_user_id_seq; Type: SEQUENCE; Schema: public; Owner: postgres
--

ALTER TABLE public.auth_user ALTER COLUMN id ADD GENERATED BY DEFAULT AS IDENTITY (
    SEQUENCE NAME public.auth_user_id_seq
    START WITH 1
    INCREMENT BY 1
    NO MINVALUE
    NO MAXVALUE
    CACHE 1
);


--
-- TOC entry 232 (class 1259 OID 19446)
-- Name: auth_user_user_permissions; Type: TABLE; Schema: public; Owner: postgres
--

CREATE TABLE public.auth_user_user_permissions (
    id bigint NOT NULL,
    user_id integer NOT NULL,
    permission_id integer NOT NULL
);


ALTER TABLE public.auth_user_user_permissions OWNER TO postgres;

--
-- TOC entry 231 (class 1259 OID 19445)
-- Name: auth_user_user_permissions_id_seq; Type: SEQUENCE; Schema: public; Owner: postgres
--

ALTER TABLE public.auth_user_user_permissions ALTER COLUMN id ADD GENERATED BY DEFAULT AS IDENTITY (
    SEQUENCE NAME public.auth_user_user_permissions_id_seq
    START WITH 1
    INCREMENT BY 1
    NO MINVALUE
    NO MAXVALUE
    CACHE 1
);


--
-- TOC entry 236 (class 1259 OID 19533)
-- Name: core_gorod; Type: TABLE; Schema: public; Owner: postgres
--

CREATE TABLE public.core_gorod (
    id bigint NOT NULL,
    name character varying(100) NOT NULL
);


ALTER TABLE public.core_gorod OWNER TO postgres;

--
-- TOC entry 235 (class 1259 OID 19532)
-- Name: core_gorod_id_seq; Type: SEQUENCE; Schema: public; Owner: postgres
--

ALTER TABLE public.core_gorod ALTER COLUMN id ADD GENERATED BY DEFAULT AS IDENTITY (
    SEQUENCE NAME public.core_gorod_id_seq
    START WITH 1
    INCREMENT BY 1
    NO MINVALUE
    NO MAXVALUE
    CACHE 1
);


--
-- TOC entry 244 (class 1259 OID 19557)
-- Name: core_master; Type: TABLE; Schema: public; Owner: postgres
--

CREATE TABLE public.core_master (
    id bigint NOT NULL,
    name character varying(100) NOT NULL,
    birth_date date,
    passport character varying(50),
    phone character varying(20) NOT NULL,
    is_active boolean NOT NULL,
    chat_id character varying(50),
    note text,
    login character varying(50) NOT NULL,
    password character varying(100) NOT NULL,
    gorod_id bigint NOT NULL
);


ALTER TABLE public.core_master OWNER TO postgres;

--
-- TOC entry 243 (class 1259 OID 19556)
-- Name: core_master_id_seq; Type: SEQUENCE; Schema: public; Owner: postgres
--

ALTER TABLE public.core_master ALTER COLUMN id ADD GENERATED BY DEFAULT AS IDENTITY (
    SEQUENCE NAME public.core_master_id_seq
    START WITH 1
    INCREMENT BY 1
    NO MINVALUE
    NO MAXVALUE
    CACHE 1
);


--
-- TOC entry 259 (class 1259 OID 20720)
-- Name: core_masterpayout; Type: TABLE; Schema: public; Owner: postgres
--

CREATE TABLE public.core_masterpayout (
    id bigint NOT NULL,
    summa numeric(12,2) NOT NULL,
    status character varying(20) NOT NULL,
    comment text,
    file character varying(100),
    created_at timestamp with time zone NOT NULL,
    updated_at timestamp with time zone NOT NULL,
    zayavka_id bigint NOT NULL
);


ALTER TABLE public.core_masterpayout OWNER TO postgres;

--
-- TOC entry 258 (class 1259 OID 20719)
-- Name: core_masterpayout_id_seq; Type: SEQUENCE; Schema: public; Owner: postgres
--

ALTER TABLE public.core_masterpayout ALTER COLUMN id ADD GENERATED BY DEFAULT AS IDENTITY (
    SEQUENCE NAME public.core_masterpayout_id_seq
    START WITH 1
    INCREMENT BY 1
    NO MINVALUE
    NO MAXVALUE
    CACHE 1
);


--
-- TOC entry 246 (class 1259 OID 19567)
-- Name: core_phonegoroda; Type: TABLE; Schema: public; Owner: postgres
--

CREATE TABLE public.core_phonegoroda (
    id bigint NOT NULL,
    phone character varying(20) NOT NULL,
    gorod_id bigint NOT NULL
);


ALTER TABLE public.core_phonegoroda OWNER TO postgres;

--
-- TOC entry 245 (class 1259 OID 19566)
-- Name: core_phonegoroda_id_seq; Type: SEQUENCE; Schema: public; Owner: postgres
--

ALTER TABLE public.core_phonegoroda ALTER COLUMN id ADD GENERATED BY DEFAULT AS IDENTITY (
    SEQUENCE NAME public.core_phonegoroda_id_seq
    START WITH 1
    INCREMENT BY 1
    NO MINVALUE
    NO MAXVALUE
    CACHE 1
);


--
-- TOC entry 250 (class 1259 OID 19579)
-- Name: core_polzovateli; Type: TABLE; Schema: public; Owner: postgres
--

CREATE TABLE public.core_polzovateli (
    id bigint NOT NULL,
    name character varying(100) NOT NULL,
    is_active boolean NOT NULL,
    login character varying(50) NOT NULL,
    password character varying(100) NOT NULL,
    gorod_id bigint NOT NULL,
    rol_id bigint NOT NULL,
    note text
);


ALTER TABLE public.core_polzovateli OWNER TO postgres;

--
-- TOC entry 249 (class 1259 OID 19578)
-- Name: core_polzovateli_id_seq; Type: SEQUENCE; Schema: public; Owner: postgres
--

ALTER TABLE public.core_polzovateli ALTER COLUMN id ADD GENERATED BY DEFAULT AS IDENTITY (
    SEQUENCE NAME public.core_polzovateli_id_seq
    START WITH 1
    INCREMENT BY 1
    NO MINVALUE
    NO MAXVALUE
    CACHE 1
);


--
-- TOC entry 248 (class 1259 OID 19573)
-- Name: core_rk; Type: TABLE; Schema: public; Owner: postgres
--

CREATE TABLE public.core_rk (
    id bigint NOT NULL,
    rk_name character varying(100) NOT NULL,
    phone character varying(20) NOT NULL,
    gorod_id bigint NOT NULL
);


ALTER TABLE public.core_rk OWNER TO postgres;

--
-- TOC entry 247 (class 1259 OID 19572)
-- Name: core_rk_id_seq; Type: SEQUENCE; Schema: public; Owner: postgres
--

ALTER TABLE public.core_rk ALTER COLUMN id ADD GENERATED BY DEFAULT AS IDENTITY (
    SEQUENCE NAME public.core_rk_id_seq
    START WITH 1
    INCREMENT BY 1
    NO MINVALUE
    NO MAXVALUE
    CACHE 1
);


--
-- TOC entry 238 (class 1259 OID 19539)
-- Name: core_roli; Type: TABLE; Schema: public; Owner: postgres
--

CREATE TABLE public.core_roli (
    id bigint NOT NULL,
    name character varying(100) NOT NULL
);


ALTER TABLE public.core_roli OWNER TO postgres;

--
-- TOC entry 237 (class 1259 OID 19538)
-- Name: core_roli_id_seq; Type: SEQUENCE; Schema: public; Owner: postgres
--

ALTER TABLE public.core_roli ALTER COLUMN id ADD GENERATED BY DEFAULT AS IDENTITY (
    SEQUENCE NAME public.core_roli_id_seq
    START WITH 1
    INCREMENT BY 1
    NO MINVALUE
    NO MAXVALUE
    CACHE 1
);


--
-- TOC entry 240 (class 1259 OID 19545)
-- Name: core_tiptranzakcii; Type: TABLE; Schema: public; Owner: postgres
--

CREATE TABLE public.core_tiptranzakcii (
    id bigint NOT NULL,
    name character varying(100) NOT NULL
);


ALTER TABLE public.core_tiptranzakcii OWNER TO postgres;

--
-- TOC entry 239 (class 1259 OID 19544)
-- Name: core_tiptranzakcii_id_seq; Type: SEQUENCE; Schema: public; Owner: postgres
--

ALTER TABLE public.core_tiptranzakcii ALTER COLUMN id ADD GENERATED BY DEFAULT AS IDENTITY (
    SEQUENCE NAME public.core_tiptranzakcii_id_seq
    START WITH 1
    INCREMENT BY 1
    NO MINVALUE
    NO MAXVALUE
    CACHE 1
);


--
-- TOC entry 242 (class 1259 OID 19551)
-- Name: core_tipzayavki; Type: TABLE; Schema: public; Owner: postgres
--

CREATE TABLE public.core_tipzayavki (
    id bigint NOT NULL,
    name character varying(100) NOT NULL
);


ALTER TABLE public.core_tipzayavki OWNER TO postgres;

--
-- TOC entry 241 (class 1259 OID 19550)
-- Name: core_tipzayavki_id_seq; Type: SEQUENCE; Schema: public; Owner: postgres
--

ALTER TABLE public.core_tipzayavki ALTER COLUMN id ADD GENERATED BY DEFAULT AS IDENTITY (
    SEQUENCE NAME public.core_tipzayavki_id_seq
    START WITH 1
    INCREMENT BY 1
    NO MINVALUE
    NO MAXVALUE
    CACHE 1
);


--
-- TOC entry 252 (class 1259 OID 19587)
-- Name: core_tranzakcii; Type: TABLE; Schema: public; Owner: postgres
--

CREATE TABLE public.core_tranzakcii (
    id bigint NOT NULL,
    summa numeric(12,2) NOT NULL,
    gorod_id bigint NOT NULL,
    tip_tranzakcii_id bigint NOT NULL,
    note text,
    date date NOT NULL
);


ALTER TABLE public.core_tranzakcii OWNER TO postgres;

--
-- TOC entry 251 (class 1259 OID 19586)
-- Name: core_tranzakcii_id_seq; Type: SEQUENCE; Schema: public; Owner: postgres
--

ALTER TABLE public.core_tranzakcii ALTER COLUMN id ADD GENERATED BY DEFAULT AS IDENTITY (
    SEQUENCE NAME public.core_tranzakcii_id_seq
    START WITH 1
    INCREMENT BY 1
    NO MINVALUE
    NO MAXVALUE
    CACHE 1
);


--
-- TOC entry 257 (class 1259 OID 20702)
-- Name: core_zayavkafile; Type: TABLE; Schema: public; Owner: postgres
--

CREATE TABLE public.core_zayavkafile (
    id integer NOT NULL,
    zayavka_id integer NOT NULL,
    file character varying(100) NOT NULL,
    type character varying(10) NOT NULL,
    uploaded_at timestamp with time zone DEFAULT now() NOT NULL,
    uploaded_by_id integer
);


ALTER TABLE public.core_zayavkafile OWNER TO postgres;

--
-- TOC entry 256 (class 1259 OID 20701)
-- Name: core_zayavkafile_id_seq; Type: SEQUENCE; Schema: public; Owner: postgres
--

CREATE SEQUENCE public.core_zayavkafile_id_seq
    AS integer
    START WITH 1
    INCREMENT BY 1
    NO MINVALUE
    NO MAXVALUE
    CACHE 1;


ALTER SEQUENCE public.core_zayavkafile_id_seq OWNER TO postgres;

--
-- TOC entry 5092 (class 0 OID 0)
-- Dependencies: 256
-- Name: core_zayavkafile_id_seq; Type: SEQUENCE OWNED BY; Schema: public; Owner: postgres
--

ALTER SEQUENCE public.core_zayavkafile_id_seq OWNED BY public.core_zayavkafile.id;


--
-- TOC entry 254 (class 1259 OID 19593)
-- Name: core_zayavki; Type: TABLE; Schema: public; Owner: postgres
--

CREATE TABLE public.core_zayavki (
    id bigint NOT NULL,
    phone_client character varying(20) NOT NULL,
    phone_atc character varying(20),
    client_name character varying(100) NOT NULL,
    address character varying(255) NOT NULL,
    meeting_date timestamp with time zone NOT NULL,
    tip_techniki character varying(100) NOT NULL,
    problema text NOT NULL,
    status character varying(50) NOT NULL,
    itog numeric(12,2),
    rashod numeric(12,2),
    chistymi numeric(12,2),
    sdacha_mastera numeric(12,2),
    comment_master text,
    kc_name character varying(100) NOT NULL,
    comment_kc text,
    gorod_id bigint NOT NULL,
    master_id bigint,
    rk_id bigint,
    tip_zayavki_id bigint
);


ALTER TABLE public.core_zayavki OWNER TO postgres;

--
-- TOC entry 253 (class 1259 OID 19592)
-- Name: core_zayavki_id_seq; Type: SEQUENCE; Schema: public; Owner: postgres
--

ALTER TABLE public.core_zayavki ALTER COLUMN id ADD GENERATED BY DEFAULT AS IDENTITY (
    SEQUENCE NAME public.core_zayavki_id_seq
    START WITH 1
    INCREMENT BY 1
    NO MINVALUE
    NO MAXVALUE
    CACHE 1
);


--
-- TOC entry 234 (class 1259 OID 19504)
-- Name: django_admin_log; Type: TABLE; Schema: public; Owner: postgres
--

CREATE TABLE public.django_admin_log (
    id integer NOT NULL,
    action_time timestamp with time zone NOT NULL,
    object_id text,
    object_repr character varying(200) NOT NULL,
    action_flag smallint NOT NULL,
    change_message text NOT NULL,
    content_type_id integer,
    user_id integer NOT NULL,
    CONSTRAINT django_admin_log_action_flag_check CHECK ((action_flag >= 0))
);


ALTER TABLE public.django_admin_log OWNER TO postgres;

--
-- TOC entry 233 (class 1259 OID 19503)
-- Name: django_admin_log_id_seq; Type: SEQUENCE; Schema: public; Owner: postgres
--

ALTER TABLE public.django_admin_log ALTER COLUMN id ADD GENERATED BY DEFAULT AS IDENTITY (
    SEQUENCE NAME public.django_admin_log_id_seq
    START WITH 1
    INCREMENT BY 1
    NO MINVALUE
    NO MAXVALUE
    CACHE 1
);


--
-- TOC entry 220 (class 1259 OID 19404)
-- Name: django_content_type; Type: TABLE; Schema: public; Owner: postgres
--

CREATE TABLE public.django_content_type (
    id integer NOT NULL,
    app_label character varying(100) NOT NULL,
    model character varying(100) NOT NULL
);


ALTER TABLE public.django_content_type OWNER TO postgres;

--
-- TOC entry 219 (class 1259 OID 19403)
-- Name: django_content_type_id_seq; Type: SEQUENCE; Schema: public; Owner: postgres
--

ALTER TABLE public.django_content_type ALTER COLUMN id ADD GENERATED BY DEFAULT AS IDENTITY (
    SEQUENCE NAME public.django_content_type_id_seq
    START WITH 1
    INCREMENT BY 1
    NO MINVALUE
    NO MAXVALUE
    CACHE 1
);


--
-- TOC entry 218 (class 1259 OID 19396)
-- Name: django_migrations; Type: TABLE; Schema: public; Owner: postgres
--

CREATE TABLE public.django_migrations (
    id bigint NOT NULL,
    app character varying(255) NOT NULL,
    name character varying(255) NOT NULL,
    applied timestamp with time zone NOT NULL
);


ALTER TABLE public.django_migrations OWNER TO postgres;

--
-- TOC entry 217 (class 1259 OID 19395)
-- Name: django_migrations_id_seq; Type: SEQUENCE; Schema: public; Owner: postgres
--

ALTER TABLE public.django_migrations ALTER COLUMN id ADD GENERATED BY DEFAULT AS IDENTITY (
    SEQUENCE NAME public.django_migrations_id_seq
    START WITH 1
    INCREMENT BY 1
    NO MINVALUE
    NO MAXVALUE
    CACHE 1
);


--
-- TOC entry 255 (class 1259 OID 19668)
-- Name: django_session; Type: TABLE; Schema: public; Owner: postgres
--

CREATE TABLE public.django_session (
    session_key character varying(40) NOT NULL,
    session_data text NOT NULL,
    expire_date timestamp with time zone NOT NULL
);


ALTER TABLE public.django_session OWNER TO postgres;

--
-- TOC entry 4745 (class 2604 OID 20705)
-- Name: core_zayavkafile id; Type: DEFAULT; Schema: public; Owner: postgres
--

ALTER TABLE ONLY public.core_zayavkafile ALTER COLUMN id SET DEFAULT nextval('public.core_zayavkafile_id_seq'::regclass);


--
-- TOC entry 5051 (class 0 OID 19418)
-- Dependencies: 224
-- Data for Name: auth_group; Type: TABLE DATA; Schema: public; Owner: postgres
--

COPY public.auth_group (id, name) FROM stdin;
\.


--
-- TOC entry 5053 (class 0 OID 19426)
-- Dependencies: 226
-- Data for Name: auth_group_permissions; Type: TABLE DATA; Schema: public; Owner: postgres
--

COPY public.auth_group_permissions (id, group_id, permission_id) FROM stdin;
\.


--
-- TOC entry 5049 (class 0 OID 19412)
-- Dependencies: 222
-- Data for Name: auth_permission; Type: TABLE DATA; Schema: public; Owner: postgres
--

COPY public.auth_permission (id, name, content_type_id, codename) FROM stdin;
1	Can add log entry	1	add_logentry
2	Can change log entry	1	change_logentry
3	Can delete log entry	1	delete_logentry
4	Can view log entry	1	view_logentry
5	Can add permission	2	add_permission
6	Can change permission	2	change_permission
7	Can delete permission	2	delete_permission
8	Can view permission	2	view_permission
9	Can add group	3	add_group
10	Can change group	3	change_group
11	Can delete group	3	delete_group
12	Can view group	3	view_group
13	Can add user	4	add_user
14	Can change user	4	change_user
15	Can delete user	4	delete_user
16	Can view user	4	view_user
17	Can add content type	5	add_contenttype
18	Can change content type	5	change_contenttype
19	Can delete content type	5	delete_contenttype
20	Can view content type	5	view_contenttype
21	Can add session	6	add_session
22	Can change session	6	change_session
23	Can delete session	6	delete_session
24	Can view session	6	view_session
25	Can add gorod	7	add_gorod
26	Can change gorod	7	change_gorod
27	Can delete gorod	7	delete_gorod
28	Can view gorod	7	view_gorod
29	Can add roli	8	add_roli
30	Can change roli	8	change_roli
31	Can delete roli	8	delete_roli
32	Can view roli	8	view_roli
33	Can add tip tranzakcii	9	add_tiptranzakcii
34	Can change tip tranzakcii	9	change_tiptranzakcii
35	Can delete tip tranzakcii	9	delete_tiptranzakcii
36	Can view tip tranzakcii	9	view_tiptranzakcii
37	Can add tip zayavki	10	add_tipzayavki
38	Can change tip zayavki	10	change_tipzayavki
39	Can delete tip zayavki	10	delete_tipzayavki
40	Can view tip zayavki	10	view_tipzayavki
41	Can add master	11	add_master
42	Can change master	11	change_master
43	Can delete master	11	delete_master
44	Can view master	11	view_master
45	Can add phone goroda	12	add_phonegoroda
46	Can change phone goroda	12	change_phonegoroda
47	Can delete phone goroda	12	delete_phonegoroda
48	Can view phone goroda	12	view_phonegoroda
49	Can add rk	13	add_rk
50	Can change rk	13	change_rk
51	Can delete rk	13	delete_rk
52	Can view rk	13	view_rk
53	Can add polzovateli	14	add_polzovateli
54	Can change polzovateli	14	change_polzovateli
55	Can delete polzovateli	14	delete_polzovateli
56	Can view polzovateli	14	view_polzovateli
57	Can add tranzakcii	15	add_tranzakcii
58	Can change tranzakcii	15	change_tranzakcii
59	Can delete tranzakcii	15	delete_tranzakcii
60	Can view tranzakcii	15	view_tranzakcii
61	Can add zayavki	16	add_zayavki
62	Can change zayavki	16	change_zayavki
63	Can delete zayavki	16	delete_zayavki
64	Can view zayavki	16	view_zayavki
65	Can add zayavka file	17	add_zayavkafile
66	Can change zayavka file	17	change_zayavkafile
67	Can delete zayavka file	17	delete_zayavkafile
68	Can view zayavka file	17	view_zayavkafile
69	Can add Выплата мастеру	18	add_masterpayout
70	Can change Выплата мастеру	18	change_masterpayout
71	Can delete Выплата мастеру	18	delete_masterpayout
72	Can view Выплата мастеру	18	view_masterpayout
\.


--
-- TOC entry 5055 (class 0 OID 19432)
-- Dependencies: 228
-- Data for Name: auth_user; Type: TABLE DATA; Schema: public; Owner: postgres
--

COPY public.auth_user (id, password, last_login, is_superuser, username, first_name, last_name, email, is_staff, is_active, date_joined) FROM stdin;
2	pbkdf2_sha256$1000000$DPlgkSESZMekbTEx58x7uE$AAQcmZahcip+AdbEDZAK0cJ7WCYeTAjzUQmbVajl+bQ=	2025-07-04 17:10:55.819181+03	t	admin			admin@example.com	t	t	2025-07-04 17:10:43.313977+03
1	pbkdf2_sha256$1000000$iVj6ETPS1TUfFu5ydjTUDu$AIOHS3iPOEP1Jp1W8u53cJUxx87mUdyA3/8g5BV/Roc=	2025-07-05 20:30:20.670549+03	t	jessy			defouz03@gmail.com	t	t	2025-07-04 17:08:12.456243+03
\.


--
-- TOC entry 5057 (class 0 OID 19440)
-- Dependencies: 230
-- Data for Name: auth_user_groups; Type: TABLE DATA; Schema: public; Owner: postgres
--

COPY public.auth_user_groups (id, user_id, group_id) FROM stdin;
\.


--
-- TOC entry 5059 (class 0 OID 19446)
-- Dependencies: 232
-- Data for Name: auth_user_user_permissions; Type: TABLE DATA; Schema: public; Owner: postgres
--

COPY public.auth_user_user_permissions (id, user_id, permission_id) FROM stdin;
\.


--
-- TOC entry 5063 (class 0 OID 19533)
-- Dependencies: 236
-- Data for Name: core_gorod; Type: TABLE DATA; Schema: public; Owner: postgres
--

COPY public.core_gorod (id, name) FROM stdin;
1	Саратов
\.


--
-- TOC entry 5071 (class 0 OID 19557)
-- Dependencies: 244
-- Data for Name: core_master; Type: TABLE DATA; Schema: public; Owner: postgres
--

COPY public.core_master (id, name, birth_date, passport, phone, is_active, chat_id, note, login, password, gorod_id) FROM stdin;
6	Сергей	2000-01-01	123	89276708885	t	\N	Логин: master_r3fhe6, Пароль: 7d3stzts	master_r3fhe6	pbkdf2_sha256$1000000$BrSOfY4HgsePAyR69MT90z$StYrd5IOJqOIM+QtgqWs6XAL6fN81gJQMia3EDorbAk=	1
\.


--
-- TOC entry 5086 (class 0 OID 20720)
-- Dependencies: 259
-- Data for Name: core_masterpayout; Type: TABLE DATA; Schema: public; Owner: postgres
--

COPY public.core_masterpayout (id, summa, status, comment, file, created_at, updated_at, zayavka_id) FROM stdin;
1	500.00	confirmed	123	payout_cheques/1362222615_preview_bogatyy-negr_95404064_orig_.jpg	2025-07-06 00:26:10.767242+03	2025-07-06 01:10:47.939217+03	15
\.


--
-- TOC entry 5073 (class 0 OID 19567)
-- Dependencies: 246
-- Data for Name: core_phonegoroda; Type: TABLE DATA; Schema: public; Owner: postgres
--

COPY public.core_phonegoroda (id, phone, gorod_id) FROM stdin;
1	79923298352	1
2	79923298779	1
\.


--
-- TOC entry 5077 (class 0 OID 19579)
-- Dependencies: 250
-- Data for Name: core_polzovateli; Type: TABLE DATA; Schema: public; Owner: postgres
--

COPY public.core_polzovateli (id, name, is_active, login, password, gorod_id, rol_id, note) FROM stdin;
5	Saratov	t	user_1t3491	pbkdf2_sha256$1000000$HExkkilp3QzIRx2KbqhOpc$HCwBW8DFHKVvU9CxZdXzjfCdXSWAl4+w3GhUzC/q/6c=	1	4	\N
1	Артур	t	user_lxMMC	pbkdf2_sha256$1000000$3HnoTITeVfy13WGxiOQjEp$lYivXeL28ldgxVnQljVjHeQx9no7yr/pOd5gvqF9RdU=	1	1	\N
3	Виктор	t	user_is23qw	pbkdf2_sha256$1000000$SJodD1c7F65vfwVKmExrUo$YLMiJUtED8uvducQCdZlUC44CMLBrhbkEKn+wrGV01o=	1	2	\N
4	Фархад	t	user_l9wjvt	pbkdf2_sha256$1000000$1PDMgOnguSnCzOm6UaTaw9$4/AIyQnYFaoMT5pmAwxEVLQvG5Q4K9uj0H/fh5LV8vs=	1	3	\N
6	Системный администратор	t	admin	pbkdf2_sha256$1000000$SmUVQzwAJrbweCOjPUDvz2$upONhtYNZSK/dC2n3juKZmk4CXX6S6OJl2EkDFOlnXA=	1	1	\N
9	Сергей	t	master_r3fhe6	pbkdf2_sha256$1000000$ZLWGWDi0822vmBcQLksN5s$2U3sYPaheQUNJxxpGj5CIWYWvs7Mgx66IzX45nJB/Xg=	1	5	\N
\.


--
-- TOC entry 5075 (class 0 OID 19573)
-- Dependencies: 248
-- Data for Name: core_rk; Type: TABLE DATA; Schema: public; Owner: postgres
--

COPY public.core_rk (id, rk_name, phone, gorod_id) FROM stdin;
1	Авито	79923298352	1
\.


--
-- TOC entry 5065 (class 0 OID 19539)
-- Dependencies: 238
-- Data for Name: core_roli; Type: TABLE DATA; Schema: public; Owner: postgres
--

COPY public.core_roli (id, name) FROM stdin;
1	admin
2	callcentre
3	avitolog
4	director
5	master
\.


--
-- TOC entry 5067 (class 0 OID 19545)
-- Dependencies: 240
-- Data for Name: core_tiptranzakcii; Type: TABLE DATA; Schema: public; Owner: postgres
--

COPY public.core_tiptranzakcii (id, name) FROM stdin;
1	Приход
2	Расход
\.


--
-- TOC entry 5069 (class 0 OID 19551)
-- Dependencies: 242
-- Data for Name: core_tipzayavki; Type: TABLE DATA; Schema: public; Owner: postgres
--

COPY public.core_tipzayavki (id, name) FROM stdin;
1	Впервые
2	Повтор
3	Гарантия
\.


--
-- TOC entry 5079 (class 0 OID 19587)
-- Dependencies: 252
-- Data for Name: core_tranzakcii; Type: TABLE DATA; Schema: public; Owner: postgres
--

COPY public.core_tranzakcii (id, summa, gorod_id, tip_tranzakcii_id, note, date) FROM stdin;
1	4750.00	1	1	\N	2025-07-05
2	250.00	1	1	\N	2025-07-05
3	12.00	1	1	\N	2025-07-05
4	1000.00	1	2	\N	2025-07-05
5	0.00	1	1	Приход по Заявке "15"	2025-07-05
6	450.00	1	1	Приход по Заявке "15"	2025-07-05
7	500.00	1	1	Приход по Заявке "15"	2025-07-05
8	1000.00	1	1	Приход по Заявке "15"	2025-07-05
\.


--
-- TOC entry 5084 (class 0 OID 20702)
-- Dependencies: 257
-- Data for Name: core_zayavkafile; Type: TABLE DATA; Schema: public; Owner: postgres
--

COPY public.core_zayavkafile (id, zayavka_id, file, type, uploaded_at, uploaded_by_id) FROM stdin;
23	27	2025.07.05__18-41-06__79276708885__79923298779.mp3	audio	2025-07-05 18:41:25.895116+03	\N
\.


--
-- TOC entry 5081 (class 0 OID 19593)
-- Dependencies: 254
-- Data for Name: core_zayavki; Type: TABLE DATA; Schema: public; Owner: postgres
--

COPY public.core_zayavki (id, phone_client, phone_atc, client_name, address, meeting_date, tip_techniki, problema, status, itog, rashod, chistymi, sdacha_mastera, comment_master, kc_name, comment_kc, gorod_id, master_id, rk_id, tip_zayavki_id) FROM stdin;
15	79276708885	79923298352	123	123	2025-07-05 07:07:35+03	123	123123	Готово	1000.00	0.00	1000.00	500.00	12	123	123	1	6	1	1
16	79276708885	79923298352	12	123	2025-07-05 01:31:48+03	123	123	Ожидает	\N	\N	\N	\N	\N	Виктор	\N	1	\N	1	1
1	123	123	123	123	2025-03-12 21:03:00+03	123	123	Готово	10000.00	500.00	9500.00	4750.00	\N	123	123	1	\N	1	1
27	79276708885	79923298779	22	222	2025-07-05 18:40:45+03	22	22	Ожидает	\N	\N	0.00	0.00	\N	Артур	22	1	\N	1	1
14	79276708885	79923298352	виктор	123	2025-07-05 06:41:42+03	123	123	Готово	10000.00	500.00	9500.00	4750.00	\N	123	123	1	6	1	1
\.


--
-- TOC entry 5061 (class 0 OID 19504)
-- Dependencies: 234
-- Data for Name: django_admin_log; Type: TABLE DATA; Schema: public; Owner: postgres
--

COPY public.django_admin_log (id, action_time, object_id, object_repr, action_flag, change_message, content_type_id, user_id) FROM stdin;
1	2025-07-04 17:11:13.729258+03	1	jessy	2	[{"changed": {"fields": ["password"]}}]	4	2
\.


--
-- TOC entry 5047 (class 0 OID 19404)
-- Dependencies: 220
-- Data for Name: django_content_type; Type: TABLE DATA; Schema: public; Owner: postgres
--

COPY public.django_content_type (id, app_label, model) FROM stdin;
1	admin	logentry
2	auth	permission
3	auth	group
4	auth	user
5	contenttypes	contenttype
6	sessions	session
7	core	gorod
8	core	roli
9	core	tiptranzakcii
10	core	tipzayavki
11	core	master
12	core	phonegoroda
13	core	rk
14	core	polzovateli
15	core	tranzakcii
16	core	zayavki
17	core	zayavkafile
18	core	masterpayout
\.


--
-- TOC entry 5045 (class 0 OID 19396)
-- Dependencies: 218
-- Data for Name: django_migrations; Type: TABLE DATA; Schema: public; Owner: postgres
--

COPY public.django_migrations (id, app, name, applied) FROM stdin;
1	contenttypes	0001_initial	2025-07-04 17:07:34.235032+03
2	auth	0001_initial	2025-07-04 17:07:34.272489+03
3	admin	0001_initial	2025-07-04 17:07:34.284135+03
4	admin	0002_logentry_remove_auto_add	2025-07-04 17:07:34.290423+03
5	admin	0003_logentry_add_action_flag_choices	2025-07-04 17:07:34.294826+03
6	contenttypes	0002_remove_content_type_name	2025-07-04 17:07:34.303288+03
7	auth	0002_alter_permission_name_max_length	2025-07-04 17:07:34.307668+03
8	auth	0003_alter_user_email_max_length	2025-07-04 17:07:34.311782+03
9	auth	0004_alter_user_username_opts	2025-07-04 17:07:34.315619+03
10	auth	0005_alter_user_last_login_null	2025-07-04 17:07:34.319673+03
11	auth	0006_require_contenttypes_0002	2025-07-04 17:07:34.320445+03
12	auth	0007_alter_validators_add_error_messages	2025-07-04 17:07:34.324883+03
13	auth	0008_alter_user_username_max_length	2025-07-04 17:07:34.33311+03
14	auth	0009_alter_user_last_name_max_length	2025-07-04 17:07:34.337794+03
15	auth	0010_alter_group_name_max_length	2025-07-04 17:07:34.342827+03
16	auth	0011_update_proxy_permissions	2025-07-04 17:07:34.3466+03
17	auth	0012_alter_user_first_name_max_length	2025-07-04 17:07:34.35051+03
18	core	0001_initial	2025-07-04 17:07:34.409199+03
19	sessions	0001_initial	2025-07-04 17:07:34.415502+03
26	core	0002_polzovateli_note	2025-07-05 13:19:35.726012+03
27	core	0003_alter_zayavki_chistymi_alter_zayavki_itog_and_more	2025-07-05 13:19:35.756609+03
28	core	0004_tranzakcii_note	2025-07-05 13:19:35.762434+03
29	core	0005_tranzakcii_date	2025-07-05 13:19:35.77254+03
30	core	0006_alter_gorod_options_alter_master_options_and_more	2025-07-05 13:19:35.935444+03
31	core	0007_phonegoroda_core_phoneg_gorod_i_da766d_idx_and_more	2025-07-05 13:19:35.967455+03
32	core	0008_alter_master_birth_date_alter_master_passport_and_more	2025-07-05 22:41:58.288731+03
33	core	0009_alter_zayavki_status	2025-07-05 23:18:38.153282+03
34	core	0010_masterpayout	2025-07-06 00:11:48.543012+03
35	core	0011_alter_zayavkafile_options_and_more	2025-07-06 02:40:42.676309+03
36	core	0002_masterpayout_alter_zayavkafile_options_and_more	2025-07-06 10:26:07.845873+03
\.


--
-- TOC entry 5082 (class 0 OID 19668)
-- Dependencies: 255
-- Data for Name: django_session; Type: TABLE DATA; Schema: public; Owner: postgres
--

COPY public.django_session (session_key, session_data, expire_date) FROM stdin;
c7vs0b8raj6ben1emqei9okebemkgcmw	.eJxVjMsOwiAQRf-FtSFQ5FGX7vsNZIYZpGogKe3K-O_apAvd3nPOfYkI21ri1nmJM4mL0OL0uyGkB9cd0B3qrcnU6rrMKHdFHrTLqRE_r4f7d1Cgl28dyA-U0SMNRnP2mBVzIDyTQoDgnQl-VNZRMkllyylYbZ13FolGtCDeHw-hONA:1uXh8P:F-jJrUrIfnCPACPcXvVk0_J-Xr21QPFnRuoUmrrS4Wk	2025-07-18 17:11:25.015927+03
pocjr7kuto93ik3my7pwmox6ihk57cmn	.eJxVjMsOwiAQRf-FtSFQ5FGX7vsNZIYZpGogKe3K-O_apAvd3nPOfYkI21ri1nmJM4mL0OL0uyGkB9cd0B3qrcnU6rrMKHdFHrTLqRE_r4f7d1Cgl28dyA-U0SMNRnP2mBVzIDyTQoDgnQl-VNZRMkllyylYbZ13FolGtCDeHw-hONA:1uXxP6:F-ShLVqDzGquq-8Dq6T9ZKilbxP9bM78jojJspt7fRI	2025-07-19 10:33:44.639336+03
dxx0ept5qqnr583p6u3yavaowo2d797r	.eJxVjMEOwiAQBf-FsyFQFgoevfcbyMKCVA0kpT0Z_9026UGvb2bem3nc1uK3nhY_E7syyS6_W8D4TPUA9MB6bzy2ui5z4IfCT9r51Ci9bqf7d1Cwl73OGJQzpPZCayFl1mBMtoOAQUVtFUCSRKggwRhhtIYAA6SM1ungrGCfL9yRN6Y:1uY6iS:lG1oemPKgQAszSZLr0OKuWCc_sfKpIlal6HZycMrTO4	2025-07-19 20:30:20.672572+03
\.


--
-- TOC entry 5093 (class 0 OID 0)
-- Dependencies: 223
-- Name: auth_group_id_seq; Type: SEQUENCE SET; Schema: public; Owner: postgres
--

SELECT pg_catalog.setval('public.auth_group_id_seq', 1, false);


--
-- TOC entry 5094 (class 0 OID 0)
-- Dependencies: 225
-- Name: auth_group_permissions_id_seq; Type: SEQUENCE SET; Schema: public; Owner: postgres
--

SELECT pg_catalog.setval('public.auth_group_permissions_id_seq', 1, false);


--
-- TOC entry 5095 (class 0 OID 0)
-- Dependencies: 221
-- Name: auth_permission_id_seq; Type: SEQUENCE SET; Schema: public; Owner: postgres
--

SELECT pg_catalog.setval('public.auth_permission_id_seq', 72, true);


--
-- TOC entry 5096 (class 0 OID 0)
-- Dependencies: 229
-- Name: auth_user_groups_id_seq; Type: SEQUENCE SET; Schema: public; Owner: postgres
--

SELECT pg_catalog.setval('public.auth_user_groups_id_seq', 1, false);


--
-- TOC entry 5097 (class 0 OID 0)
-- Dependencies: 227
-- Name: auth_user_id_seq; Type: SEQUENCE SET; Schema: public; Owner: postgres
--

SELECT pg_catalog.setval('public.auth_user_id_seq', 2, true);


--
-- TOC entry 5098 (class 0 OID 0)
-- Dependencies: 231
-- Name: auth_user_user_permissions_id_seq; Type: SEQUENCE SET; Schema: public; Owner: postgres
--

SELECT pg_catalog.setval('public.auth_user_user_permissions_id_seq', 1, false);


--
-- TOC entry 5099 (class 0 OID 0)
-- Dependencies: 235
-- Name: core_gorod_id_seq; Type: SEQUENCE SET; Schema: public; Owner: postgres
--

SELECT pg_catalog.setval('public.core_gorod_id_seq', 3, true);


--
-- TOC entry 5100 (class 0 OID 0)
-- Dependencies: 243
-- Name: core_master_id_seq; Type: SEQUENCE SET; Schema: public; Owner: postgres
--

SELECT pg_catalog.setval('public.core_master_id_seq', 6, true);


--
-- TOC entry 5101 (class 0 OID 0)
-- Dependencies: 258
-- Name: core_masterpayout_id_seq; Type: SEQUENCE SET; Schema: public; Owner: postgres
--

SELECT pg_catalog.setval('public.core_masterpayout_id_seq', 1, true);


--
-- TOC entry 5102 (class 0 OID 0)
-- Dependencies: 245
-- Name: core_phonegoroda_id_seq; Type: SEQUENCE SET; Schema: public; Owner: postgres
--

SELECT pg_catalog.setval('public.core_phonegoroda_id_seq', 1, true);


--
-- TOC entry 5103 (class 0 OID 0)
-- Dependencies: 249
-- Name: core_polzovateli_id_seq; Type: SEQUENCE SET; Schema: public; Owner: postgres
--

SELECT pg_catalog.setval('public.core_polzovateli_id_seq', 9, true);


--
-- TOC entry 5104 (class 0 OID 0)
-- Dependencies: 247
-- Name: core_rk_id_seq; Type: SEQUENCE SET; Schema: public; Owner: postgres
--

SELECT pg_catalog.setval('public.core_rk_id_seq', 1, true);


--
-- TOC entry 5105 (class 0 OID 0)
-- Dependencies: 237
-- Name: core_roli_id_seq; Type: SEQUENCE SET; Schema: public; Owner: postgres
--

SELECT pg_catalog.setval('public.core_roli_id_seq', 5, true);


--
-- TOC entry 5106 (class 0 OID 0)
-- Dependencies: 239
-- Name: core_tiptranzakcii_id_seq; Type: SEQUENCE SET; Schema: public; Owner: postgres
--

SELECT pg_catalog.setval('public.core_tiptranzakcii_id_seq', 2, true);


--
-- TOC entry 5107 (class 0 OID 0)
-- Dependencies: 241
-- Name: core_tipzayavki_id_seq; Type: SEQUENCE SET; Schema: public; Owner: postgres
--

SELECT pg_catalog.setval('public.core_tipzayavki_id_seq', 3, true);


--
-- TOC entry 5108 (class 0 OID 0)
-- Dependencies: 251
-- Name: core_tranzakcii_id_seq; Type: SEQUENCE SET; Schema: public; Owner: postgres
--

SELECT pg_catalog.setval('public.core_tranzakcii_id_seq', 8, true);


--
-- TOC entry 5109 (class 0 OID 0)
-- Dependencies: 256
-- Name: core_zayavkafile_id_seq; Type: SEQUENCE SET; Schema: public; Owner: postgres
--

SELECT pg_catalog.setval('public.core_zayavkafile_id_seq', 23, true);


--
-- TOC entry 5110 (class 0 OID 0)
-- Dependencies: 253
-- Name: core_zayavki_id_seq; Type: SEQUENCE SET; Schema: public; Owner: postgres
--

SELECT pg_catalog.setval('public.core_zayavki_id_seq', 27, true);


--
-- TOC entry 5111 (class 0 OID 0)
-- Dependencies: 233
-- Name: django_admin_log_id_seq; Type: SEQUENCE SET; Schema: public; Owner: postgres
--

SELECT pg_catalog.setval('public.django_admin_log_id_seq', 1, true);


--
-- TOC entry 5112 (class 0 OID 0)
-- Dependencies: 219
-- Name: django_content_type_id_seq; Type: SEQUENCE SET; Schema: public; Owner: postgres
--

SELECT pg_catalog.setval('public.django_content_type_id_seq', 18, true);


--
-- TOC entry 5113 (class 0 OID 0)
-- Dependencies: 217
-- Name: django_migrations_id_seq; Type: SEQUENCE SET; Schema: public; Owner: postgres
--

SELECT pg_catalog.setval('public.django_migrations_id_seq', 36, true);


--
-- TOC entry 4761 (class 2606 OID 19530)
-- Name: auth_group auth_group_name_key; Type: CONSTRAINT; Schema: public; Owner: postgres
--

ALTER TABLE ONLY public.auth_group
    ADD CONSTRAINT auth_group_name_key UNIQUE (name);


--
-- TOC entry 4766 (class 2606 OID 19461)
-- Name: auth_group_permissions auth_group_permissions_group_id_permission_id_0cd325b0_uniq; Type: CONSTRAINT; Schema: public; Owner: postgres
--

ALTER TABLE ONLY public.auth_group_permissions
    ADD CONSTRAINT auth_group_permissions_group_id_permission_id_0cd325b0_uniq UNIQUE (group_id, permission_id);


--
-- TOC entry 4769 (class 2606 OID 19430)
-- Name: auth_group_permissions auth_group_permissions_pkey; Type: CONSTRAINT; Schema: public; Owner: postgres
--

ALTER TABLE ONLY public.auth_group_permissions
    ADD CONSTRAINT auth_group_permissions_pkey PRIMARY KEY (id);


--
-- TOC entry 4763 (class 2606 OID 19422)
-- Name: auth_group auth_group_pkey; Type: CONSTRAINT; Schema: public; Owner: postgres
--

ALTER TABLE ONLY public.auth_group
    ADD CONSTRAINT auth_group_pkey PRIMARY KEY (id);


--
-- TOC entry 4756 (class 2606 OID 19452)
-- Name: auth_permission auth_permission_content_type_id_codename_01ab375a_uniq; Type: CONSTRAINT; Schema: public; Owner: postgres
--

ALTER TABLE ONLY public.auth_permission
    ADD CONSTRAINT auth_permission_content_type_id_codename_01ab375a_uniq UNIQUE (content_type_id, codename);


--
-- TOC entry 4758 (class 2606 OID 19416)
-- Name: auth_permission auth_permission_pkey; Type: CONSTRAINT; Schema: public; Owner: postgres
--

ALTER TABLE ONLY public.auth_permission
    ADD CONSTRAINT auth_permission_pkey PRIMARY KEY (id);


--
-- TOC entry 4777 (class 2606 OID 19444)
-- Name: auth_user_groups auth_user_groups_pkey; Type: CONSTRAINT; Schema: public; Owner: postgres
--

ALTER TABLE ONLY public.auth_user_groups
    ADD CONSTRAINT auth_user_groups_pkey PRIMARY KEY (id);


--
-- TOC entry 4780 (class 2606 OID 19476)
-- Name: auth_user_groups auth_user_groups_user_id_group_id_94350c0c_uniq; Type: CONSTRAINT; Schema: public; Owner: postgres
--

ALTER TABLE ONLY public.auth_user_groups
    ADD CONSTRAINT auth_user_groups_user_id_group_id_94350c0c_uniq UNIQUE (user_id, group_id);


--
-- TOC entry 4771 (class 2606 OID 19436)
-- Name: auth_user auth_user_pkey; Type: CONSTRAINT; Schema: public; Owner: postgres
--

ALTER TABLE ONLY public.auth_user
    ADD CONSTRAINT auth_user_pkey PRIMARY KEY (id);


--
-- TOC entry 4783 (class 2606 OID 19450)
-- Name: auth_user_user_permissions auth_user_user_permissions_pkey; Type: CONSTRAINT; Schema: public; Owner: postgres
--

ALTER TABLE ONLY public.auth_user_user_permissions
    ADD CONSTRAINT auth_user_user_permissions_pkey PRIMARY KEY (id);


--
-- TOC entry 4786 (class 2606 OID 19490)
-- Name: auth_user_user_permissions auth_user_user_permissions_user_id_permission_id_14a6b632_uniq; Type: CONSTRAINT; Schema: public; Owner: postgres
--

ALTER TABLE ONLY public.auth_user_user_permissions
    ADD CONSTRAINT auth_user_user_permissions_user_id_permission_id_14a6b632_uniq UNIQUE (user_id, permission_id);


--
-- TOC entry 4774 (class 2606 OID 19525)
-- Name: auth_user auth_user_username_key; Type: CONSTRAINT; Schema: public; Owner: postgres
--

ALTER TABLE ONLY public.auth_user
    ADD CONSTRAINT auth_user_username_key UNIQUE (username);


--
-- TOC entry 4793 (class 2606 OID 19688)
-- Name: core_gorod core_gorod_name_32a5c7ca_uniq; Type: CONSTRAINT; Schema: public; Owner: postgres
--

ALTER TABLE ONLY public.core_gorod
    ADD CONSTRAINT core_gorod_name_32a5c7ca_uniq UNIQUE (name);


--
-- TOC entry 4795 (class 2606 OID 19537)
-- Name: core_gorod core_gorod_pkey; Type: CONSTRAINT; Schema: public; Owner: postgres
--

ALTER TABLE ONLY public.core_gorod
    ADD CONSTRAINT core_gorod_pkey PRIMARY KEY (id);


--
-- TOC entry 4816 (class 2606 OID 19565)
-- Name: core_master core_master_login_key; Type: CONSTRAINT; Schema: public; Owner: postgres
--

ALTER TABLE ONLY public.core_master
    ADD CONSTRAINT core_master_login_key UNIQUE (login);


--
-- TOC entry 4818 (class 2606 OID 19563)
-- Name: core_master core_master_pkey; Type: CONSTRAINT; Schema: public; Owner: postgres
--

ALTER TABLE ONLY public.core_master
    ADD CONSTRAINT core_master_pkey PRIMARY KEY (id);


--
-- TOC entry 4873 (class 2606 OID 20726)
-- Name: core_masterpayout core_masterpayout_pkey; Type: CONSTRAINT; Schema: public; Owner: postgres
--

ALTER TABLE ONLY public.core_masterpayout
    ADD CONSTRAINT core_masterpayout_pkey PRIMARY KEY (id);


--
-- TOC entry 4875 (class 2606 OID 20728)
-- Name: core_masterpayout core_masterpayout_zayavka_id_key; Type: CONSTRAINT; Schema: public; Owner: postgres
--

ALTER TABLE ONLY public.core_masterpayout
    ADD CONSTRAINT core_masterpayout_zayavka_id_key UNIQUE (zayavka_id);


--
-- TOC entry 4824 (class 2606 OID 19700)
-- Name: core_phonegoroda core_phonegoroda_gorod_id_phone_d560c2e0_uniq; Type: CONSTRAINT; Schema: public; Owner: postgres
--

ALTER TABLE ONLY public.core_phonegoroda
    ADD CONSTRAINT core_phonegoroda_gorod_id_phone_d560c2e0_uniq UNIQUE (gorod_id, phone);


--
-- TOC entry 4826 (class 2606 OID 19571)
-- Name: core_phonegoroda core_phonegoroda_pkey; Type: CONSTRAINT; Schema: public; Owner: postgres
--

ALTER TABLE ONLY public.core_phonegoroda
    ADD CONSTRAINT core_phonegoroda_pkey PRIMARY KEY (id);


--
-- TOC entry 4838 (class 2606 OID 19585)
-- Name: core_polzovateli core_polzovateli_login_key; Type: CONSTRAINT; Schema: public; Owner: postgres
--

ALTER TABLE ONLY public.core_polzovateli
    ADD CONSTRAINT core_polzovateli_login_key UNIQUE (login);


--
-- TOC entry 4840 (class 2606 OID 19583)
-- Name: core_polzovateli core_polzovateli_pkey; Type: CONSTRAINT; Schema: public; Owner: postgres
--

ALTER TABLE ONLY public.core_polzovateli
    ADD CONSTRAINT core_polzovateli_pkey PRIMARY KEY (id);


--
-- TOC entry 4829 (class 2606 OID 19577)
-- Name: core_rk core_rk_pkey; Type: CONSTRAINT; Schema: public; Owner: postgres
--

ALTER TABLE ONLY public.core_rk
    ADD CONSTRAINT core_rk_pkey PRIMARY KEY (id);


--
-- TOC entry 4831 (class 2606 OID 19702)
-- Name: core_rk core_rk_rk_name_gorod_id_87589956_uniq; Type: CONSTRAINT; Schema: public; Owner: postgres
--

ALTER TABLE ONLY public.core_rk
    ADD CONSTRAINT core_rk_rk_name_gorod_id_87589956_uniq UNIQUE (rk_name, gorod_id);


--
-- TOC entry 4798 (class 2606 OID 19691)
-- Name: core_roli core_roli_name_eac13a0a_uniq; Type: CONSTRAINT; Schema: public; Owner: postgres
--

ALTER TABLE ONLY public.core_roli
    ADD CONSTRAINT core_roli_name_eac13a0a_uniq UNIQUE (name);


--
-- TOC entry 4800 (class 2606 OID 19543)
-- Name: core_roli core_roli_pkey; Type: CONSTRAINT; Schema: public; Owner: postgres
--

ALTER TABLE ONLY public.core_roli
    ADD CONSTRAINT core_roli_pkey PRIMARY KEY (id);


--
-- TOC entry 4803 (class 2606 OID 19694)
-- Name: core_tiptranzakcii core_tiptranzakcii_name_72cd4e53_uniq; Type: CONSTRAINT; Schema: public; Owner: postgres
--

ALTER TABLE ONLY public.core_tiptranzakcii
    ADD CONSTRAINT core_tiptranzakcii_name_72cd4e53_uniq UNIQUE (name);


--
-- TOC entry 4805 (class 2606 OID 19549)
-- Name: core_tiptranzakcii core_tiptranzakcii_pkey; Type: CONSTRAINT; Schema: public; Owner: postgres
--

ALTER TABLE ONLY public.core_tiptranzakcii
    ADD CONSTRAINT core_tiptranzakcii_pkey PRIMARY KEY (id);


--
-- TOC entry 4808 (class 2606 OID 19697)
-- Name: core_tipzayavki core_tipzayavki_name_53bd6bb4_uniq; Type: CONSTRAINT; Schema: public; Owner: postgres
--

ALTER TABLE ONLY public.core_tipzayavki
    ADD CONSTRAINT core_tipzayavki_name_53bd6bb4_uniq UNIQUE (name);


--
-- TOC entry 4810 (class 2606 OID 19555)
-- Name: core_tipzayavki core_tipzayavki_pkey; Type: CONSTRAINT; Schema: public; Owner: postgres
--

ALTER TABLE ONLY public.core_tipzayavki
    ADD CONSTRAINT core_tipzayavki_pkey PRIMARY KEY (id);


--
-- TOC entry 4846 (class 2606 OID 19591)
-- Name: core_tranzakcii core_tranzakcii_pkey; Type: CONSTRAINT; Schema: public; Owner: postgres
--

ALTER TABLE ONLY public.core_tranzakcii
    ADD CONSTRAINT core_tranzakcii_pkey PRIMARY KEY (id);


--
-- TOC entry 4869 (class 2606 OID 20708)
-- Name: core_zayavkafile core_zayavkafile_pkey; Type: CONSTRAINT; Schema: public; Owner: postgres
--

ALTER TABLE ONLY public.core_zayavkafile
    ADD CONSTRAINT core_zayavkafile_pkey PRIMARY KEY (id);


--
-- TOC entry 4861 (class 2606 OID 19599)
-- Name: core_zayavki core_zayavki_pkey; Type: CONSTRAINT; Schema: public; Owner: postgres
--

ALTER TABLE ONLY public.core_zayavki
    ADD CONSTRAINT core_zayavki_pkey PRIMARY KEY (id);


--
-- TOC entry 4789 (class 2606 OID 19511)
-- Name: django_admin_log django_admin_log_pkey; Type: CONSTRAINT; Schema: public; Owner: postgres
--

ALTER TABLE ONLY public.django_admin_log
    ADD CONSTRAINT django_admin_log_pkey PRIMARY KEY (id);


--
-- TOC entry 4751 (class 2606 OID 19410)
-- Name: django_content_type django_content_type_app_label_model_76bd3d3b_uniq; Type: CONSTRAINT; Schema: public; Owner: postgres
--

ALTER TABLE ONLY public.django_content_type
    ADD CONSTRAINT django_content_type_app_label_model_76bd3d3b_uniq UNIQUE (app_label, model);


--
-- TOC entry 4753 (class 2606 OID 19408)
-- Name: django_content_type django_content_type_pkey; Type: CONSTRAINT; Schema: public; Owner: postgres
--

ALTER TABLE ONLY public.django_content_type
    ADD CONSTRAINT django_content_type_pkey PRIMARY KEY (id);


--
-- TOC entry 4749 (class 2606 OID 19402)
-- Name: django_migrations django_migrations_pkey; Type: CONSTRAINT; Schema: public; Owner: postgres
--

ALTER TABLE ONLY public.django_migrations
    ADD CONSTRAINT django_migrations_pkey PRIMARY KEY (id);


--
-- TOC entry 4866 (class 2606 OID 19674)
-- Name: django_session django_session_pkey; Type: CONSTRAINT; Schema: public; Owner: postgres
--

ALTER TABLE ONLY public.django_session
    ADD CONSTRAINT django_session_pkey PRIMARY KEY (session_key);


--
-- TOC entry 4759 (class 1259 OID 19531)
-- Name: auth_group_name_a6ea08ec_like; Type: INDEX; Schema: public; Owner: postgres
--

CREATE INDEX auth_group_name_a6ea08ec_like ON public.auth_group USING btree (name varchar_pattern_ops);


--
-- TOC entry 4764 (class 1259 OID 19472)
-- Name: auth_group_permissions_group_id_b120cbf9; Type: INDEX; Schema: public; Owner: postgres
--

CREATE INDEX auth_group_permissions_group_id_b120cbf9 ON public.auth_group_permissions USING btree (group_id);


--
-- TOC entry 4767 (class 1259 OID 19473)
-- Name: auth_group_permissions_permission_id_84c5c92e; Type: INDEX; Schema: public; Owner: postgres
--

CREATE INDEX auth_group_permissions_permission_id_84c5c92e ON public.auth_group_permissions USING btree (permission_id);


--
-- TOC entry 4754 (class 1259 OID 19458)
-- Name: auth_permission_content_type_id_2f476e4b; Type: INDEX; Schema: public; Owner: postgres
--

CREATE INDEX auth_permission_content_type_id_2f476e4b ON public.auth_permission USING btree (content_type_id);


--
-- TOC entry 4775 (class 1259 OID 19488)
-- Name: auth_user_groups_group_id_97559544; Type: INDEX; Schema: public; Owner: postgres
--

CREATE INDEX auth_user_groups_group_id_97559544 ON public.auth_user_groups USING btree (group_id);


--
-- TOC entry 4778 (class 1259 OID 19487)
-- Name: auth_user_groups_user_id_6a12ed8b; Type: INDEX; Schema: public; Owner: postgres
--

CREATE INDEX auth_user_groups_user_id_6a12ed8b ON public.auth_user_groups USING btree (user_id);


--
-- TOC entry 4781 (class 1259 OID 19502)
-- Name: auth_user_user_permissions_permission_id_1fbb5f2c; Type: INDEX; Schema: public; Owner: postgres
--

CREATE INDEX auth_user_user_permissions_permission_id_1fbb5f2c ON public.auth_user_user_permissions USING btree (permission_id);


--
-- TOC entry 4784 (class 1259 OID 19501)
-- Name: auth_user_user_permissions_user_id_a95ead1b; Type: INDEX; Schema: public; Owner: postgres
--

CREATE INDEX auth_user_user_permissions_user_id_a95ead1b ON public.auth_user_user_permissions USING btree (user_id);


--
-- TOC entry 4772 (class 1259 OID 19526)
-- Name: auth_user_username_6821ab7c_like; Type: INDEX; Schema: public; Owner: postgres
--

CREATE INDEX auth_user_username_6821ab7c_like ON public.auth_user USING btree (username varchar_pattern_ops);


--
-- TOC entry 4791 (class 1259 OID 19689)
-- Name: core_gorod_name_32a5c7ca_like; Type: INDEX; Schema: public; Owner: postgres
--

CREATE INDEX core_gorod_name_32a5c7ca_like ON public.core_gorod USING btree (name varchar_pattern_ops);


--
-- TOC entry 4870 (class 1259 OID 21068)
-- Name: core_master_created_84d837_idx; Type: INDEX; Schema: public; Owner: postgres
--

CREATE INDEX core_master_created_84d837_idx ON public.core_masterpayout USING btree (created_at);


--
-- TOC entry 4811 (class 1259 OID 20682)
-- Name: core_master_gorod_i_d91c3c_idx; Type: INDEX; Schema: public; Owner: postgres
--

CREATE INDEX core_master_gorod_i_d91c3c_idx ON public.core_master USING btree (gorod_id, is_active);


--
-- TOC entry 4812 (class 1259 OID 19606)
-- Name: core_master_gorod_id_41d44234; Type: INDEX; Schema: public; Owner: postgres
--

CREATE INDEX core_master_gorod_id_41d44234 ON public.core_master USING btree (gorod_id);


--
-- TOC entry 4813 (class 1259 OID 19605)
-- Name: core_master_login_7ae6ea6f_like; Type: INDEX; Schema: public; Owner: postgres
--

CREATE INDEX core_master_login_7ae6ea6f_like ON public.core_master USING btree (login varchar_pattern_ops);


--
-- TOC entry 4814 (class 1259 OID 20683)
-- Name: core_master_login_e6c63e_idx; Type: INDEX; Schema: public; Owner: postgres
--

CREATE INDEX core_master_login_e6c63e_idx ON public.core_master USING btree (login);


--
-- TOC entry 4871 (class 1259 OID 21067)
-- Name: core_master_status_a68cba_idx; Type: INDEX; Schema: public; Owner: postgres
--

CREATE INDEX core_master_status_a68cba_idx ON public.core_masterpayout USING btree (status);


--
-- TOC entry 4819 (class 1259 OID 21069)
-- Name: core_phoneg_gorod_i_170e80_idx; Type: INDEX; Schema: public; Owner: postgres
--

CREATE INDEX core_phoneg_gorod_i_170e80_idx ON public.core_phonegoroda USING btree (gorod_id);


--
-- TOC entry 4820 (class 1259 OID 20696)
-- Name: core_phoneg_gorod_i_da766d_idx; Type: INDEX; Schema: public; Owner: postgres
--

CREATE INDEX core_phoneg_gorod_i_da766d_idx ON public.core_phonegoroda USING btree (gorod_id, phone);


--
-- TOC entry 4821 (class 1259 OID 20684)
-- Name: core_phoneg_phone_949404_idx; Type: INDEX; Schema: public; Owner: postgres
--

CREATE INDEX core_phoneg_phone_949404_idx ON public.core_phonegoroda USING btree (phone);


--
-- TOC entry 4822 (class 1259 OID 19612)
-- Name: core_phonegoroda_gorod_id_661f6800; Type: INDEX; Schema: public; Owner: postgres
--

CREATE INDEX core_phonegoroda_gorod_id_661f6800 ON public.core_phonegoroda USING btree (gorod_id);


--
-- TOC entry 4832 (class 1259 OID 20685)
-- Name: core_polzov_gorod_i_4a07ba_idx; Type: INDEX; Schema: public; Owner: postgres
--

CREATE INDEX core_polzov_gorod_i_4a07ba_idx ON public.core_polzovateli USING btree (gorod_id, is_active);


--
-- TOC entry 4833 (class 1259 OID 20686)
-- Name: core_polzov_login_80dc70_idx; Type: INDEX; Schema: public; Owner: postgres
--

CREATE INDEX core_polzov_login_80dc70_idx ON public.core_polzovateli USING btree (login);


--
-- TOC entry 4834 (class 1259 OID 20687)
-- Name: core_polzov_rol_id_8ad339_idx; Type: INDEX; Schema: public; Owner: postgres
--

CREATE INDEX core_polzov_rol_id_8ad339_idx ON public.core_polzovateli USING btree (rol_id);


--
-- TOC entry 4835 (class 1259 OID 19630)
-- Name: core_polzovateli_gorod_id_49b59d40; Type: INDEX; Schema: public; Owner: postgres
--

CREATE INDEX core_polzovateli_gorod_id_49b59d40 ON public.core_polzovateli USING btree (gorod_id);


--
-- TOC entry 4836 (class 1259 OID 19629)
-- Name: core_polzovateli_login_3b8e6adf_like; Type: INDEX; Schema: public; Owner: postgres
--

CREATE INDEX core_polzovateli_login_3b8e6adf_like ON public.core_polzovateli USING btree (login varchar_pattern_ops);


--
-- TOC entry 4841 (class 1259 OID 19631)
-- Name: core_polzovateli_rol_id_c3f6ee10; Type: INDEX; Schema: public; Owner: postgres
--

CREATE INDEX core_polzovateli_rol_id_c3f6ee10 ON public.core_polzovateli USING btree (rol_id);


--
-- TOC entry 4827 (class 1259 OID 19618)
-- Name: core_rk_gorod_id_47f4daa0; Type: INDEX; Schema: public; Owner: postgres
--

CREATE INDEX core_rk_gorod_id_47f4daa0 ON public.core_rk USING btree (gorod_id);


--
-- TOC entry 4796 (class 1259 OID 19692)
-- Name: core_roli_name_eac13a0a_like; Type: INDEX; Schema: public; Owner: postgres
--

CREATE INDEX core_roli_name_eac13a0a_like ON public.core_roli USING btree (name varchar_pattern_ops);


--
-- TOC entry 4801 (class 1259 OID 19695)
-- Name: core_tiptranzakcii_name_72cd4e53_like; Type: INDEX; Schema: public; Owner: postgres
--

CREATE INDEX core_tiptranzakcii_name_72cd4e53_like ON public.core_tiptranzakcii USING btree (name varchar_pattern_ops);


--
-- TOC entry 4806 (class 1259 OID 19698)
-- Name: core_tipzayavki_name_53bd6bb4_like; Type: INDEX; Schema: public; Owner: postgres
--

CREATE INDEX core_tipzayavki_name_53bd6bb4_like ON public.core_tipzayavki USING btree (name varchar_pattern_ops);


--
-- TOC entry 4842 (class 1259 OID 20688)
-- Name: core_tranza_gorod_i_40e615_idx; Type: INDEX; Schema: public; Owner: postgres
--

CREATE INDEX core_tranza_gorod_i_40e615_idx ON public.core_tranzakcii USING btree (gorod_id, date);


--
-- TOC entry 4843 (class 1259 OID 20689)
-- Name: core_tranza_tip_tra_b49915_idx; Type: INDEX; Schema: public; Owner: postgres
--

CREATE INDEX core_tranza_tip_tra_b49915_idx ON public.core_tranzakcii USING btree (tip_tranzakcii_id);


--
-- TOC entry 4844 (class 1259 OID 19642)
-- Name: core_tranzakcii_gorod_id_0b1eab84; Type: INDEX; Schema: public; Owner: postgres
--

CREATE INDEX core_tranzakcii_gorod_id_0b1eab84 ON public.core_tranzakcii USING btree (gorod_id);


--
-- TOC entry 4847 (class 1259 OID 19643)
-- Name: core_tranzakcii_tip_tranzakcii_id_e53ce365; Type: INDEX; Schema: public; Owner: postgres
--

CREATE INDEX core_tranzakcii_tip_tranzakcii_id_e53ce365 ON public.core_tranzakcii USING btree (tip_tranzakcii_id);


--
-- TOC entry 4848 (class 1259 OID 20690)
-- Name: core_zayavk_gorod_i_166cad_idx; Type: INDEX; Schema: public; Owner: postgres
--

CREATE INDEX core_zayavk_gorod_i_166cad_idx ON public.core_zayavki USING btree (gorod_id, status);


--
-- TOC entry 4849 (class 1259 OID 20699)
-- Name: core_zayavk_master__1b8dea_idx; Type: INDEX; Schema: public; Owner: postgres
--

CREATE INDEX core_zayavk_master__1b8dea_idx ON public.core_zayavki USING btree (master_id, gorod_id);


--
-- TOC entry 4850 (class 1259 OID 20691)
-- Name: core_zayavk_master__def4eb_idx; Type: INDEX; Schema: public; Owner: postgres
--

CREATE INDEX core_zayavk_master__def4eb_idx ON public.core_zayavki USING btree (master_id);


--
-- TOC entry 4851 (class 1259 OID 20695)
-- Name: core_zayavk_meeting_a2c292_idx; Type: INDEX; Schema: public; Owner: postgres
--

CREATE INDEX core_zayavk_meeting_a2c292_idx ON public.core_zayavki USING btree (meeting_date);


--
-- TOC entry 4852 (class 1259 OID 20697)
-- Name: core_zayavk_phone_c_afa1b6_idx; Type: INDEX; Schema: public; Owner: postgres
--

CREATE INDEX core_zayavk_phone_c_afa1b6_idx ON public.core_zayavki USING btree (phone_client, phone_atc, status);


--
-- TOC entry 4853 (class 1259 OID 20694)
-- Name: core_zayavk_phone_c_b1c2e9_idx; Type: INDEX; Schema: public; Owner: postgres
--

CREATE INDEX core_zayavk_phone_c_b1c2e9_idx ON public.core_zayavki USING btree (phone_client);


--
-- TOC entry 4854 (class 1259 OID 20700)
-- Name: core_zayavk_rk_id_70a4eb_idx; Type: INDEX; Schema: public; Owner: postgres
--

CREATE INDEX core_zayavk_rk_id_70a4eb_idx ON public.core_zayavki USING btree (rk_id, gorod_id);


--
-- TOC entry 4855 (class 1259 OID 20692)
-- Name: core_zayavk_rk_id_fc6a5a_idx; Type: INDEX; Schema: public; Owner: postgres
--

CREATE INDEX core_zayavk_rk_id_fc6a5a_idx ON public.core_zayavki USING btree (rk_id);


--
-- TOC entry 4856 (class 1259 OID 20698)
-- Name: core_zayavk_status_158b0f_idx; Type: INDEX; Schema: public; Owner: postgres
--

CREATE INDEX core_zayavk_status_158b0f_idx ON public.core_zayavki USING btree (status, gorod_id);


--
-- TOC entry 4857 (class 1259 OID 20693)
-- Name: core_zayavk_tip_zay_522047_idx; Type: INDEX; Schema: public; Owner: postgres
--

CREATE INDEX core_zayavk_tip_zay_522047_idx ON public.core_zayavki USING btree (tip_zayavki_id);


--
-- TOC entry 4858 (class 1259 OID 19664)
-- Name: core_zayavki_gorod_id_271ddc75; Type: INDEX; Schema: public; Owner: postgres
--

CREATE INDEX core_zayavki_gorod_id_271ddc75 ON public.core_zayavki USING btree (gorod_id);


--
-- TOC entry 4859 (class 1259 OID 19665)
-- Name: core_zayavki_master_id_7e7a36d0; Type: INDEX; Schema: public; Owner: postgres
--

CREATE INDEX core_zayavki_master_id_7e7a36d0 ON public.core_zayavki USING btree (master_id);


--
-- TOC entry 4862 (class 1259 OID 19666)
-- Name: core_zayavki_rk_id_2d85500c; Type: INDEX; Schema: public; Owner: postgres
--

CREATE INDEX core_zayavki_rk_id_2d85500c ON public.core_zayavki USING btree (rk_id);


--
-- TOC entry 4863 (class 1259 OID 19667)
-- Name: core_zayavki_tip_zayavki_id_4ee7b31c; Type: INDEX; Schema: public; Owner: postgres
--

CREATE INDEX core_zayavki_tip_zayavki_id_4ee7b31c ON public.core_zayavki USING btree (tip_zayavki_id);


--
-- TOC entry 4787 (class 1259 OID 19522)
-- Name: django_admin_log_content_type_id_c4bce8eb; Type: INDEX; Schema: public; Owner: postgres
--

CREATE INDEX django_admin_log_content_type_id_c4bce8eb ON public.django_admin_log USING btree (content_type_id);


--
-- TOC entry 4790 (class 1259 OID 19523)
-- Name: django_admin_log_user_id_c564eba6; Type: INDEX; Schema: public; Owner: postgres
--

CREATE INDEX django_admin_log_user_id_c564eba6 ON public.django_admin_log USING btree (user_id);


--
-- TOC entry 4864 (class 1259 OID 19676)
-- Name: django_session_expire_date_a5c62663; Type: INDEX; Schema: public; Owner: postgres
--

CREATE INDEX django_session_expire_date_a5c62663 ON public.django_session USING btree (expire_date);


--
-- TOC entry 4867 (class 1259 OID 19675)
-- Name: django_session_session_key_c0390e0f_like; Type: INDEX; Schema: public; Owner: postgres
--

CREATE INDEX django_session_session_key_c0390e0f_like ON public.django_session USING btree (session_key varchar_pattern_ops);


--
-- TOC entry 4877 (class 2606 OID 19467)
-- Name: auth_group_permissions auth_group_permissio_permission_id_84c5c92e_fk_auth_perm; Type: FK CONSTRAINT; Schema: public; Owner: postgres
--

ALTER TABLE ONLY public.auth_group_permissions
    ADD CONSTRAINT auth_group_permissio_permission_id_84c5c92e_fk_auth_perm FOREIGN KEY (permission_id) REFERENCES public.auth_permission(id) DEFERRABLE INITIALLY DEFERRED;


--
-- TOC entry 4878 (class 2606 OID 19462)
-- Name: auth_group_permissions auth_group_permissions_group_id_b120cbf9_fk_auth_group_id; Type: FK CONSTRAINT; Schema: public; Owner: postgres
--

ALTER TABLE ONLY public.auth_group_permissions
    ADD CONSTRAINT auth_group_permissions_group_id_b120cbf9_fk_auth_group_id FOREIGN KEY (group_id) REFERENCES public.auth_group(id) DEFERRABLE INITIALLY DEFERRED;


--
-- TOC entry 4876 (class 2606 OID 19453)
-- Name: auth_permission auth_permission_content_type_id_2f476e4b_fk_django_co; Type: FK CONSTRAINT; Schema: public; Owner: postgres
--

ALTER TABLE ONLY public.auth_permission
    ADD CONSTRAINT auth_permission_content_type_id_2f476e4b_fk_django_co FOREIGN KEY (content_type_id) REFERENCES public.django_content_type(id) DEFERRABLE INITIALLY DEFERRED;


--
-- TOC entry 4879 (class 2606 OID 19482)
-- Name: auth_user_groups auth_user_groups_group_id_97559544_fk_auth_group_id; Type: FK CONSTRAINT; Schema: public; Owner: postgres
--

ALTER TABLE ONLY public.auth_user_groups
    ADD CONSTRAINT auth_user_groups_group_id_97559544_fk_auth_group_id FOREIGN KEY (group_id) REFERENCES public.auth_group(id) DEFERRABLE INITIALLY DEFERRED;


--
-- TOC entry 4880 (class 2606 OID 19477)
-- Name: auth_user_groups auth_user_groups_user_id_6a12ed8b_fk_auth_user_id; Type: FK CONSTRAINT; Schema: public; Owner: postgres
--

ALTER TABLE ONLY public.auth_user_groups
    ADD CONSTRAINT auth_user_groups_user_id_6a12ed8b_fk_auth_user_id FOREIGN KEY (user_id) REFERENCES public.auth_user(id) DEFERRABLE INITIALLY DEFERRED;


--
-- TOC entry 4881 (class 2606 OID 19496)
-- Name: auth_user_user_permissions auth_user_user_permi_permission_id_1fbb5f2c_fk_auth_perm; Type: FK CONSTRAINT; Schema: public; Owner: postgres
--

ALTER TABLE ONLY public.auth_user_user_permissions
    ADD CONSTRAINT auth_user_user_permi_permission_id_1fbb5f2c_fk_auth_perm FOREIGN KEY (permission_id) REFERENCES public.auth_permission(id) DEFERRABLE INITIALLY DEFERRED;


--
-- TOC entry 4882 (class 2606 OID 19491)
-- Name: auth_user_user_permissions auth_user_user_permissions_user_id_a95ead1b_fk_auth_user_id; Type: FK CONSTRAINT; Schema: public; Owner: postgres
--

ALTER TABLE ONLY public.auth_user_user_permissions
    ADD CONSTRAINT auth_user_user_permissions_user_id_a95ead1b_fk_auth_user_id FOREIGN KEY (user_id) REFERENCES public.auth_user(id) DEFERRABLE INITIALLY DEFERRED;


--
-- TOC entry 4885 (class 2606 OID 19600)
-- Name: core_master core_master_gorod_id_41d44234_fk_core_gorod_id; Type: FK CONSTRAINT; Schema: public; Owner: postgres
--

ALTER TABLE ONLY public.core_master
    ADD CONSTRAINT core_master_gorod_id_41d44234_fk_core_gorod_id FOREIGN KEY (gorod_id) REFERENCES public.core_gorod(id) DEFERRABLE INITIALLY DEFERRED;


--
-- TOC entry 4898 (class 2606 OID 20729)
-- Name: core_masterpayout core_masterpayout_zayavka_id_e3dbce3e_fk_core_zayavki_id; Type: FK CONSTRAINT; Schema: public; Owner: postgres
--

ALTER TABLE ONLY public.core_masterpayout
    ADD CONSTRAINT core_masterpayout_zayavka_id_e3dbce3e_fk_core_zayavki_id FOREIGN KEY (zayavka_id) REFERENCES public.core_zayavki(id) DEFERRABLE INITIALLY DEFERRED;


--
-- TOC entry 4886 (class 2606 OID 19607)
-- Name: core_phonegoroda core_phonegoroda_gorod_id_661f6800_fk_core_gorod_id; Type: FK CONSTRAINT; Schema: public; Owner: postgres
--

ALTER TABLE ONLY public.core_phonegoroda
    ADD CONSTRAINT core_phonegoroda_gorod_id_661f6800_fk_core_gorod_id FOREIGN KEY (gorod_id) REFERENCES public.core_gorod(id) DEFERRABLE INITIALLY DEFERRED;


--
-- TOC entry 4888 (class 2606 OID 19619)
-- Name: core_polzovateli core_polzovateli_gorod_id_49b59d40_fk_core_gorod_id; Type: FK CONSTRAINT; Schema: public; Owner: postgres
--

ALTER TABLE ONLY public.core_polzovateli
    ADD CONSTRAINT core_polzovateli_gorod_id_49b59d40_fk_core_gorod_id FOREIGN KEY (gorod_id) REFERENCES public.core_gorod(id) DEFERRABLE INITIALLY DEFERRED;


--
-- TOC entry 4889 (class 2606 OID 19624)
-- Name: core_polzovateli core_polzovateli_rol_id_c3f6ee10_fk_core_roli_id; Type: FK CONSTRAINT; Schema: public; Owner: postgres
--

ALTER TABLE ONLY public.core_polzovateli
    ADD CONSTRAINT core_polzovateli_rol_id_c3f6ee10_fk_core_roli_id FOREIGN KEY (rol_id) REFERENCES public.core_roli(id) DEFERRABLE INITIALLY DEFERRED;


--
-- TOC entry 4887 (class 2606 OID 19613)
-- Name: core_rk core_rk_gorod_id_47f4daa0_fk_core_gorod_id; Type: FK CONSTRAINT; Schema: public; Owner: postgres
--

ALTER TABLE ONLY public.core_rk
    ADD CONSTRAINT core_rk_gorod_id_47f4daa0_fk_core_gorod_id FOREIGN KEY (gorod_id) REFERENCES public.core_gorod(id) DEFERRABLE INITIALLY DEFERRED;


--
-- TOC entry 4890 (class 2606 OID 19632)
-- Name: core_tranzakcii core_tranzakcii_gorod_id_0b1eab84_fk_core_gorod_id; Type: FK CONSTRAINT; Schema: public; Owner: postgres
--

ALTER TABLE ONLY public.core_tranzakcii
    ADD CONSTRAINT core_tranzakcii_gorod_id_0b1eab84_fk_core_gorod_id FOREIGN KEY (gorod_id) REFERENCES public.core_gorod(id) DEFERRABLE INITIALLY DEFERRED;


--
-- TOC entry 4891 (class 2606 OID 19637)
-- Name: core_tranzakcii core_tranzakcii_tip_tranzakcii_id_e53ce365_fk_core_tipt; Type: FK CONSTRAINT; Schema: public; Owner: postgres
--

ALTER TABLE ONLY public.core_tranzakcii
    ADD CONSTRAINT core_tranzakcii_tip_tranzakcii_id_e53ce365_fk_core_tipt FOREIGN KEY (tip_tranzakcii_id) REFERENCES public.core_tiptranzakcii(id) DEFERRABLE INITIALLY DEFERRED;


--
-- TOC entry 4896 (class 2606 OID 20714)
-- Name: core_zayavkafile core_zayavkafile_uploaded_by_id_fkey; Type: FK CONSTRAINT; Schema: public; Owner: postgres
--

ALTER TABLE ONLY public.core_zayavkafile
    ADD CONSTRAINT core_zayavkafile_uploaded_by_id_fkey FOREIGN KEY (uploaded_by_id) REFERENCES public.core_polzovateli(id) ON DELETE SET NULL;


--
-- TOC entry 4897 (class 2606 OID 20709)
-- Name: core_zayavkafile core_zayavkafile_zayavka_id_fkey; Type: FK CONSTRAINT; Schema: public; Owner: postgres
--

ALTER TABLE ONLY public.core_zayavkafile
    ADD CONSTRAINT core_zayavkafile_zayavka_id_fkey FOREIGN KEY (zayavka_id) REFERENCES public.core_zayavki(id) ON DELETE CASCADE;


--
-- TOC entry 4892 (class 2606 OID 19644)
-- Name: core_zayavki core_zayavki_gorod_id_271ddc75_fk_core_gorod_id; Type: FK CONSTRAINT; Schema: public; Owner: postgres
--

ALTER TABLE ONLY public.core_zayavki
    ADD CONSTRAINT core_zayavki_gorod_id_271ddc75_fk_core_gorod_id FOREIGN KEY (gorod_id) REFERENCES public.core_gorod(id) DEFERRABLE INITIALLY DEFERRED;


--
-- TOC entry 4893 (class 2606 OID 19649)
-- Name: core_zayavki core_zayavki_master_id_7e7a36d0_fk_core_master_id; Type: FK CONSTRAINT; Schema: public; Owner: postgres
--

ALTER TABLE ONLY public.core_zayavki
    ADD CONSTRAINT core_zayavki_master_id_7e7a36d0_fk_core_master_id FOREIGN KEY (master_id) REFERENCES public.core_master(id) DEFERRABLE INITIALLY DEFERRED;


--
-- TOC entry 4894 (class 2606 OID 19654)
-- Name: core_zayavki core_zayavki_rk_id_2d85500c_fk_core_rk_id; Type: FK CONSTRAINT; Schema: public; Owner: postgres
--

ALTER TABLE ONLY public.core_zayavki
    ADD CONSTRAINT core_zayavki_rk_id_2d85500c_fk_core_rk_id FOREIGN KEY (rk_id) REFERENCES public.core_rk(id) DEFERRABLE INITIALLY DEFERRED;


--
-- TOC entry 4895 (class 2606 OID 19659)
-- Name: core_zayavki core_zayavki_tip_zayavki_id_4ee7b31c_fk_core_tipzayavki_id; Type: FK CONSTRAINT; Schema: public; Owner: postgres
--

ALTER TABLE ONLY public.core_zayavki
    ADD CONSTRAINT core_zayavki_tip_zayavki_id_4ee7b31c_fk_core_tipzayavki_id FOREIGN KEY (tip_zayavki_id) REFERENCES public.core_tipzayavki(id) DEFERRABLE INITIALLY DEFERRED;


--
-- TOC entry 4883 (class 2606 OID 19512)
-- Name: django_admin_log django_admin_log_content_type_id_c4bce8eb_fk_django_co; Type: FK CONSTRAINT; Schema: public; Owner: postgres
--

ALTER TABLE ONLY public.django_admin_log
    ADD CONSTRAINT django_admin_log_content_type_id_c4bce8eb_fk_django_co FOREIGN KEY (content_type_id) REFERENCES public.django_content_type(id) DEFERRABLE INITIALLY DEFERRED;


--
-- TOC entry 4884 (class 2606 OID 19517)
-- Name: django_admin_log django_admin_log_user_id_c564eba6_fk_auth_user_id; Type: FK CONSTRAINT; Schema: public; Owner: postgres
--

ALTER TABLE ONLY public.django_admin_log
    ADD CONSTRAINT django_admin_log_user_id_c564eba6_fk_auth_user_id FOREIGN KEY (user_id) REFERENCES public.auth_user(id) DEFERRABLE INITIALLY DEFERRED;


-- Completed on 2025-07-06 11:15:24

--
-- PostgreSQL database dump complete
--

